label,metaGroupId,groupId,goodPeakCount,medMz,medRt,maxQuality,note,compound,compoundId,expectedRtDiff,ppmDiff,parent,20171201_blank_mid_a_pos,20171201_blank_mid_b_pos,20171201_blank_pre_a_pos,20171201_blank_pre_b_pos,20171201_blank_pre_c_pos,20171201_buffer_pellet_a_pos,20171201_buffer_pellet_b_pos,20171201_non_pellet_a_pos,20171201_non_pellet_b_pos,20171201_activated_pellet_b_pos,20171201_activated_pellet_a_pos,20171201_hsd1_pellet_a_pos,20171201_hsd1_pellet_b_pos,20171201_hsd2_pellet_a_pos,20171201_hsd2_pellet_b_pos
,0,5,1,825.6528,8.174196,0.8076723,C12 PARENT,CE_Na(30:9),CE_Na(30:9),-1,1.03493,825.6531,0,0,0,0,0,0,0,4180.071,2060.744,2541.662,17077.46,17658.09,6821.879,2630.71,11927.58
,0,4,8,662.5843,9.12957,0.8516428,C12 PARENT,CE_NH4(18:4),CE_NH4(18:4),-1,4.14524,662.5842,1622.583,0,0,0,0,17515.79,150617.4,81467.25,138006.3,42875.5,76154.79,115810.8,102966.4,172758.1,127313.6
,0,3,7,690.6155,9.599242,0.8514091,C12 PARENT,CE_NH4(20:4),CE_NH4(20:4),-1,4.065367,690.6157,0,0,22269.15,0,0,1869.565,1713.788,60372.59,121883.9,56944.83,113165.8,191245.2,181718.1,66088.1,102395.2
,0,2,8,688.6,9.442396,0.8526692,C12 PARENT,CE_NH4(20:5),CE_NH4(20:5),-1,3.988631,688.5999,0,0,0,0,0,5449.99,12866.14,108490.7,210036.5,101431.1,134312.4,229365.2,296515.2,154417,180534.4
,0,1,7,686.5842,8.979472,0.8512812,C12 PARENT,CE_NH4(20:6),CE_NH4(20:6),-1,4.089237,686.5842,0,0,0,0,0,0,0,19831.39,39881.12,22698.67,40139.84,70534.12,74569.07,34231,43143.98
,0,80,7,641.5107,8.091806,0.8490301,C12 PARENT,DG_Na(36:3),DG_Na(36:3),-1,1.331998,641.5107,1726.459,0,0,1433.652,1476.99,3137.284,2288.698,14638.72,12208.48,12812.68,12135.27,21729.25,19314.28,17250.3,26318.02
,0,79,12,696.6492,7.430996,0.8507772,C12 PARENT,DG_NH4(40:1),DG_NH4(40:1),-1,1.138961,696.6493,18390.73,13868.11,0,6954.568,15457.23,23634.59,27482.96,81683.21,71828.65,24431.98,17821.45,30227.66,32385.31,36583.49,44728.27
,0,78,7,706.5378,6.70566,0.8452933,C12 PARENT,DG_NH4(42:10),DG_NH4(42:10),-1,3.800981,706.538,0,0,0,0,0,9975.793,0,13202.66,34499.21,6559.611,34373.07,35979.82,38811.46,18054.05,19276.88
,0,77,9,734.5688,7.254092,0.8531268,C12 PARENT,DG_NH4(44:10),DG_NH4(44:10),-1,4.071383,734.5688,0,0,0,0,0,25615.87,1186.135,589669,930445.8,407519.2,1436951,1317200,1577383,700013.7,781481.1
,0,76,9,732.5531,6.801311,0.8517027,C12 PARENT,DG_NH4(44:11),DG_NH4(44:11),-1,4.165903,732.5532,0,0,0,0,0,43627.08,0,21147.23,89922.73,33394.54,122195.8,117888.1,119231.6,66743.64,64376.47
,0,75,8,762.5999,7.789963,0.8542079,C12 PARENT,DG_NH4(46:10),DG_NH4(46:10),-1,4.161835,762.5999,0,0,0,0,0,6795.228,0,240885.9,380843,201721.3,507172,566118,568178.8,345823.3,318403.7
,0,74,9,760.5846,7.308706,0.8522542,C12 PARENT,DG_NH4(46:11),DG_NH4(46:11),-1,3.771627,760.5845,2542.007,1818.476,0,3833.546,0,176698.8,14477.59,2411442,4619914,1970513,5386512,6258940,7007786,3628627,3405805
,0,73,10,758.569,6.891501,0.8505596,C12 PARENT,DG_NH4(46:12),DG_NH4(46:12),-1,3.701189,758.5689,0,0,0,0,0,115088.1,5919.304,698376.8,1451736,704046.7,1948199,1812927,1994740,1081377,1182910
,0,72,8,790.6311,8.299872,0.8519849,C12 PARENT,DG_NH4(48:10),DG_NH4(48:10),-1,4.168676,790.6312,0,0,0,0,0,0,0,43004.89,71410.13,51309.7,126966,126836.8,151611.9,47902.39,50876.11
,0,71,9,788.6161,7.840058,0.8506533,C12 PARENT,DG_NH4(48:11),DG_NH4(48:11),-1,3.327985,788.6165,0,0,0,0,0,62917.36,3379.413,938192.7,1913957,820434.3,2456911,2480834,2836559,1293656,1384830
,0,70,10,786.601,7.399533,0.8481712,C12 PARENT,DG_NH4(48:12),DG_NH4(48:12),-1,2.638173,786.601,2276.063,2033.975,0,4216.688,1849.635,88864.06,13828.84,680604.5,1327246,580316.6,1620617,1812639,1955832,894872,1157074
,0,114,8,496.3398,1.440168,0.8524373,C12 PARENT,LPC(16:0),LPC(16:0),-1,0,496.3396,1329.85,0,0,0,0,100207.2,19459.49,261428.1,279734,153853.3,371979,486140,329694.2,195928.1,340574.3
,0,113,8,720.5889,7.699381,0.85079,C12 PARENT,LPC(32:0),LPC(32:0),-1,1.694033,720.5889,0,0,0,0,0,1601.686,0,31047.85,55959.33,25518.26,65530.52,91872.91,68834.7,39328.76,44958.88
,0,144,8,502.2923,1.440954,0.8556527,C12 PARENT,LPE(20:4),LPE(20:4),-1,1.032861,502.2923,0,0,0,0,0,0,0,608829.4,834774.1,303239.8,2157005,1541368,1588404,563626.2,809095.1
,0,143,4,530.3235,1.438474,0.8534895,C12 PARENT,LPE(22:4),LPE(22:4),-1,1.035813,530.3235,0,0,0,0,0,0,0,78234.4,144624.6,36816.75,408976.9,242637.8,294525.3,70226.91,112812.6
,0,141,5,528.3085,1.438474,0.8525059,C12 PARENT,LPE(22:5),LPE(22:5),-1,0,528.3085,0,0,0,0,0,0,0,64057.67,113241.5,43458.54,278088,154554.8,209839,51780.67,94740.68
,0,142,3,526.2921,1.436079,0.8526728,C12 PARENT,LPE(22:6),LPE(22:6),-1,1.275691,526.2921,0,0,0,0,0,0,0,17778.28,24765.25,23412.78,217179.2,138099.4,131934.6,37828.22,59942.05
,0,112,9,734.5687,7.254092,0.8433205,C12 PARENT,PC(32:0),PC(32:0),-1,0.9970764,734.5687,0,0,0,0,0,25615.87,1186.135,589669,930445.8,407519.2,1436951,1317200,1577383,700013.7,781481.1
,0,111,9,732.5521,6.7998,0.8513471,C12 PARENT,PC(32:1),PC(32:1),-1,2.249595,732.5521,1610.934,0,0,0,0,63774.61,6051.279,49530.08,89922.73,33394.54,122195.8,117888.1,119231.6,66743.64,64376.47
,0,110,8,762.5994,7.789963,0.8249718,C12 PARENT,PC(34:0),PC(34:0),-1,1.680746,762.5995,0,0,0,0,0,8780.276,0,240885.9,380843,201721.3,507172,566118,568178.8,345823.3,318403.7
,0,109,10,760.5841,7.31528,0.8403038,C12 PARENT,PC(34:1),PC(34:1),-1,1.283962,760.5841,3909.748,1818.476,0,3833.546,4201.992,176698.8,20156.44,2411442,4619914,1970513,5386512,6258940,7007786,3628627,3405805
,0,108,10,758.5687,6.871367,0.8452249,C12 PARENT,PC(34:2),PC(34:2),-1,0.9655304,758.5686,0,0,0,1576.728,0,115088.1,5919.304,698376.8,1451736,704046.7,1948199,1812927,1994740,1081377,1182910
,0,107,8,756.5509,7.270563,0.8519415,C12 PARENT,PC(34:3),PC(34:3),-1,3.791736,756.5509,0,0,0,0,0,0,0,50377.95,88281.52,35873.53,144111.9,132950.7,167325.8,67046.65,71270.32
,0,106,8,790.6302,8.273314,0.8518207,C12 PARENT,PC(36:0),PC(36:0),-1,2.23874,790.6303,0,0,0,0,0,1525.367,0,43004.89,112921.9,51309.7,126966,126836.8,151611.9,78330.36,74767.84
,0,105,9,788.6159,7.840058,0.8506549,C12 PARENT,PC(36:1),PC(36:1),-1,0.6191619,788.616,0,0,0,0,0,62917.36,3379.413,938192.7,1913957,820434.3,2456911,2480834,2836559,1293656,1384830
,0,104,10,786.6006,7.403225,0.8478639,C12 PARENT,PC(36:2),PC(36:2),-1,0.07759357,786.6005,2276.063,3039.38,0,4216.688,1849.635,88864.06,13828.84,680604.5,1327246,580316.6,1620617,1812639,1955832,894872,1157074
,0,103,9,784.584,6.967537,0.8541335,C12 PARENT,PC(36:3),PC(36:3),-1,1.400272,784.5841,0,0,0,0,0,19956.04,0,236351.2,484401.5,171215.6,502555.6,550608.4,610595.9,282533,382625.8
,0,102,9,782.5685,6.772889,0.8457965,C12 PARENT,PC(36:4),PC(36:4),-1,1.169899,782.5685,0,0,0,0,0,28175.58,0,697637,1411213,476109.5,2036618,1499835,1640631,704543,1160484
,0,101,9,780.5511,6.887288,0.8523526,C12 PARENT,PC(36:5),PC(36:5),-1,3.440566,780.5511,0,0,0,0,0,8107.424,0,65227.27,141818.4,63278.78,184413.5,168786.7,176276.4,101351.5,114338.9
,0,100,8,816.6472,8.321054,0.8505527,C12 PARENT,PC(38:1),PC(38:1),-1,0.672648,816.6472,0,1807.409,0,0,0,0,0,40854.55,84995.97,31838.15,102442.3,107977.5,112969.5,56311.48,61347.28
,0,99,8,814.6318,7.894866,0.8519623,C12 PARENT,PC(38:2),PC(38:2),-1,0.2996944,814.6318,0,0,0,0,0,0,0,97737.77,149899,83244.04,166670.3,184982.1,223881.4,126154.9,142504.4
,0,98,9,812.6149,7.514903,0.8531222,C12 PARENT,PC(38:3),PC(38:3),-1,1.877736,812.6149,0,0,0,0,0,9313.843,1343.47,119016.3,198873.1,121841.5,252655.3,347871.7,263329.3,123153.4,178555.3
,0,97,9,810.5997,7.310072,0.8366409,C12 PARENT,PC(38:4),PC(38:4),-1,1.280035,810.5997,0,0,0,0,0,12513.7,0,762681.5,1536907,672672.1,1809200,2118866,2411960,1080497,1180845
,0,96,9,808.584,6.817917,0.8264182,C12 PARENT,PC(38:5),PC(38:5),-1,1.283226,808.584,0,0,0,0,0,7126.209,0,241197.7,459817.7,192931.8,624118.6,613324.9,514141.5,251320.7,331126.4
,0,95,7,806.5668,6.948677,0.8497514,C12 PARENT,PC(38:6),PC(38:6),-1,3.253919,806.5668,0,0,0,0,0,0,0,15457.49,44048.56,12798.39,48503.39,50344.91,69212.39,18307.33,36598.41
,0,94,6,806.5682,6.585684,0.7652946,C12 PARENT,PC(38:6),PC(38:6),-1,1.513451,806.5681,0,0,0,0,0,1393.533,0,63683.79,0,45212.84,144049.8,140716.7,138633.1,60312.69,93569.85
,0,93,8,806.5687,6.429506,0.7715154,C12 PARENT,PC(38:6),PC(38:6),-1,0.983743,806.5687,0,0,0,0,0,0,0,53516.31,117592.1,40059.31,148426.9,118501.1,138633.1,60239.62,92440.6
,0,92,8,838.631,7.813317,0.8514384,C12 PARENT,PC(40:4),PC(40:4),-1,1.23725,838.631,0,0,0,0,0,0,0,67751.52,125329.3,41039.81,139232.9,125207.1,167471.4,75810.41,92918.38
,0,91,8,836.6152,7.317758,0.8509685,C12 PARENT,PC(40:5),PC(40:5),-1,1.386141,836.6152,1440.71,0,0,0,1237.13,0,0,82843.14,140392.2,67152.37,180160.4,208997.7,222961.8,107358.7,107572.1
,0,89,7,834.6,6.863739,0.7836843,C12 PARENT,PC(40:6),PC(40:6),-1,0.8044406,834.6,0,0,0,1674.504,0,0,0,38607.47,69792.66,24415.22,87764.01,80857.57,100129.3,37856.66,48233.04
,0,90,5,834.6,7.136592,0.6808447,C12 PARENT,PC(40:6),PC(40:6),-1,0.8775716,834.6,0,0,0,0,0,0,0,33976.43,68896.3,35187.7,90726.41,89468.35,96204.54,40239.04,54523.98
,0,88,8,832.5824,7.306993,0.8515106,C12 PARENT,PC(40:7),PC(40:7),-1,3.225553,832.5824,0,0,0,0,0,0,0,52449.75,169977.9,41244.48,213065.7,258379.7,298495.8,107757.8,135778.5
,0,87,8,832.5839,6.547514,0.8514359,C12 PARENT,PC(40:7),PC(40:7),-1,1.392852,832.584,0,0,0,0,0,0,0,54831.1,104422.9,40830.87,137213.8,100004.2,102079.9,52107.67,75899.12
,0,86,8,830.5667,6.830236,0.8505092,C12 PARENT,PC(40:8),PC(40:8),-1,3.306866,830.5667,0,0,0,0,0,0,0,16923.86,48729.99,14446.57,62933.46,57425,55183.7,25897.51,33172.41
,0,85,8,830.5685,6.329021,0.8519208,C12 PARENT,PC(40:8),PC(40:8),-1,1.102289,830.5685,0,0,0,0,0,0,0,51856.34,114545.4,41558.78,111667.3,96371.18,125418.5,37839.86,73633.7
,0,84,3,858.5981,7.332352,0.8473068,C12 PARENT,PC(42:8),PC(42:8),-1,2.985645,858.5981,0,0,0,0,0,0,0,7178.988,10609.32,1604.486,21992.32,20018.72,23745.16,6918.578,10827.8
,0,83,8,858.5998,6.680392,0.8489819,C12 PARENT,PC(42:8),PC(42:8),-1,1.066302,858.5999,0,0,0,0,0,0,0,11204.31,34867.35,6601.137,38687.34,35928,36893.11,17063.71,26054.72
,0,82,5,856.5845,6.444875,0.8471648,C12 PARENT,PC(42:9),PC(42:9),-1,0.6412864,856.5846,0,0,0,1415.861,0,0,0,3407.557,16936.88,4960.92,19849.25,14391,17285.65,8828.592,6923.018
,0,81,0,892.6826,10.76113,0.2243321,C12 PARENT,PC(44:5),PC(44:5),-1,4.034008,892.6826,0,0,0,0,0,0,0,6092.549,2053.15,2312.795,3281.521,9452.438,12568.86,17253.3,11217.04
,0,140,8,720.5531,6.984076,0.8467774,C12 PARENT,PE(34:0),PE(34:0),-1,0.9317649,720.5532,0,0,0,0,0,0,0,14677.33,20533.15,8855.598,29096.96,28128.42,28250.62,16124.59,14678.65
,0,139,7,718.5372,7.341771,0.849868,C12 PARENT,PE(34:1),PE(34:1),-1,1.274153,718.5373,0,0,0,0,0,5019.366,0,20031.68,25823.16,10440.8,70777.32,36737.74,59125.75,30468.43,29555.28
,0,138,8,716.5216,6.940017,0.84992,C12 PARENT,PE(34:2),PE(34:2),-1,1.192555,716.5217,7040.508,2055.163,0,4560.705,1592.565,3487.665,1982.967,15925.87,25991.24,16303.24,44927.32,25313.34,31708.09,13125.9,21829.48
,0,137,7,748.5844,7.522329,0.8483655,C12 PARENT,PE(36:0),PE(36:0),-1,0.9784083,748.5844,0,0,0,0,0,0,0,10058.24,26016.45,12373.57,28356.3,38349.61,39671.04,18708.96,16317.09
,0,136,8,746.569,7.836748,0.8511142,C12 PARENT,PE(36:1),PE(36:1),-1,0.6540332,746.569,0,0,0,0,0,2764.314,0,20438.77,39517.22,24546.76,73477.6,51183,73314.91,28683.94,33777.46
,0,135,9,744.5533,7.418856,0.8516263,C12 PARENT,PE(36:2),PE(36:2),-1,0.6558039,744.5533,0,0,0,0,0,10264.15,0,43623.3,74409.13,42551.66,146116.2,111011.2,136267.4,55901.06,91210.66
,0,134,8,742.537,7.007483,0.8498327,C12 PARENT,PE(36:3),PE(36:3),-1,1.561762,742.537,0,0,0,0,0,0,0,9807.914,23788.89,6624.752,47574.35,37400.83,43353.89,15794.76,22936.1
,0,133,8,740.5219,6.846927,0.8516291,C12 PARENT,PE(36:4),PE(36:4),-1,0.7417957,740.5219,0,0,0,0,0,0,0,47756.05,76784.53,43665.33,155002.3,104829.3,103814.6,48765.92,68099.67
,0,132,9,774.5995,7.571443,0.8506708,C12 PARENT,PE(38:1),PE(38:1),-1,1.497117,774.5996,0,0,0,0,0,6733.965,0,45589.45,74562.02,38362.87,80181.38,113542.7,114161.3,54291.04,70491.62
,0,131,8,772.5844,7.119638,0.8492373,C12 PARENT,PE(38:2),PE(38:2),-1,0.9480145,772.5844,0,0,0,0,0,6914.365,0,11413.32,24724.55,10898.96,34191.54,36817.02,34029.11,18898.37,22669.13
,0,130,6,770.5685,7.550073,0.8454139,C12 PARENT,PE(38:3),PE(38:3),-1,1.267326,770.5685,0,0,0,0,0,0,0,3738.314,7335.713,4468.57,21731.49,14029.15,22601.92,10280.36,11051.79
,0,129,8,768.5533,7.37803,0.8539781,C12 PARENT,PE(38:4),PE(38:4),-1,0.5559092,768.5534,0,0,0,0,0,1959.989,0,364103.3,656532.2,306903.2,1236751,815874.8,1065233,464039,577684.8
,0,128,8,766.5368,6.893683,0.8522281,C12 PARENT,PE(38:5),PE(38:5),-1,1.751737,766.5368,0,0,0,1350.448,0,0,969.1585,44460.97,78428.49,39825.62,170864,85269.26,131706,57382.12,58663.77
,0,127,2,764.5214,6.657725,0.8302843,C12 PARENT,PE(38:6),PE(38:6),-1,1.437018,764.5212,0,0,0,0,0,0,0,4509.006,5531.612,4034.797,20928.91,8948.67,14442.35,2053.156,5760.906
,0,126,3,802.631,8.094504,0.8451006,C12 PARENT,PE(40:1),PE(40:1),-1,1.292744,802.6314,0,0,0,0,0,0,0,1587.041,10968.48,2149.544,7215.808,14735.78,15462.62,6140.484,7578.25
,0,125,6,800.6171,7.669869,0.8489715,C12 PARENT,PE(40:2),PE(40:2),-1,0.9148225,800.6172,2001.941,2403.472,0,1825.235,1956.213,0,3836.357,10500.16,14255.72,9173.012,17727.69,21899.59,23801.8,8737.567,11653.66
,0,124,8,796.584,7.712647,0.8508402,C12 PARENT,PE(40:4),PE(40:4),-1,1.379178,796.5839,0,0,0,0,0,0,0,15369.19,24064.91,18148.95,70995.88,37808.59,42812.24,23795.32,28168.58
,0,123,8,794.569,7.355698,0.8505599,C12 PARENT,PE(40:5),PE(40:5),-1,0.5377077,794.569,0,0,0,0,0,0,0,16326.68,34724.01,10964.56,68208.18,35547.87,38300.09,21376.39,14453.04
,0,122,3,792.5548,7.205419,0.850291,C12 PARENT,PE(40:6),PE(40:6),-1,1.309183,792.5549,0,0,0,0,0,0,0,10721.15,9457.331,9803.479,39000.3,34770.57,44025.17,22852.77,21522.16
,0,121,0,790.5344,7.363625,0.3287306,C12 PARENT,PE(40:7),PE(40:7),-1,4.709633,790.5345,0,0,0,0,0,0,0,36525.88,77850.87,33874.82,101070.7,0,0,52699.85,47324.43
,0,120,4,788.519,6.904562,0.8296382,C12 PARENT,PE(40:8),PE(40:8),-1,4.33465,788.519,0,0,0,0,0,0,0,5688.242,11618.95,2518.372,16374.99,7657.144,17627.36,10014.46,13610.01
,0,119,2,824.6147,7.552289,0.8255084,C12 PARENT,PE(42:4),PE(42:4),-1,1.998443,824.6147,0,0,0,0,0,0,0,1978.569,6173.941,1556.446,4157.477,10762.8,11381.95,5744.534,3275.995
,0,118,8,724.5271,7.119735,0.8519614,C12 PARENT,PE(O-36:5),PE(O-36:5),-1,0.6739305,724.5271,0,0,0,0,0,0,0,81397.85,114674.5,88485.04,151858.1,128696.7,129813.7,125531.9,126363.6
,0,117,7,752.5594,7.691169,0.8530463,C12 PARENT,PE(O-38:5),PE(O-38:5),-1,0.811035,752.56,0,3261.778,0,0,1804.999,0,0,196815.5,242941.6,159878.3,364377.6,338887.6,275142,0,306832.8
,0,116,5,750.5432,7.174102,0.850144,C12 PARENT,PE(O-38:6),PE(O-38:6),-1,0.08132131,750.5431,0,0,0,0,0,0,0,33173.59,46564.91,18228.82,74495.19,17077.15,27609.52,41330.31,41997.97
,0,115,8,778.5739,7.649238,0.8497131,C12 PARENT,PE(O-40:6),PE(O-40:6),-1,0.8623281,778.5739,0,0,0,0,0,0,0,21521.87,31292.17,25033.58,40168.94,40348.42,33914.2,32382.48,35363.62
,0,151,8,790.5589,7.112434,0.8528696,C12 PARENT,PS(36:1),PS(36:1),-1,0.4632302,790.5588,0,0,0,1429.829,0,1654.912,0,54338.61,124088.5,58712.96,224990.7,217432.8,235693.6,65808.39,90028.32
,0,150,5,788.5435,6.707538,0.8459873,C12 PARENT,PS(36:2),PS(36:2),-1,0.1548048,788.5435,0,0,0,0,0,0,0,0,10314.59,1386.665,17744.79,18994.73,18295.11,1874.515,6646.6
,0,149,5,814.5579,6.879267,0.8488848,C12 PARENT,PS(38:3),PS(38:3),-1,1.723397,814.5579,0,0,0,0,0,0,0,4960.104,16735.83,3856.625,39116.48,27418.6,24154.77,3622.005,6672.687
,0,148,8,812.543,6.659717,0.8127526,C12 PARENT,PS(38:4),PS(38:4),-1,0.8262777,812.5429,0,0,0,0,0,0,0,80605.01,231865.4,94397.82,428749.5,312372.6,296230.4,70010.81,129339.5
,0,147,8,834.5255,6.657567,0.8515654,C12 PARENT,PS(40:7),PS(40:7),-1,2.998631,834.5255,0,0,0,0,0,0,0,27233.12,84945.88,34273.83,114780.3,108472.4,100883,25858.06,48020.75
,0,146,1,856.5085,6.667183,0.5602604,C12 PARENT,PS(42:10),PS(42:10),-1,4.418127,856.5087,0,0,0,0,0,0,0,12629.9,17612.48,8288.411,0,22241.03,19194.56,0,13112.58
,0,145,2,894.6249,8.261598,0.8033109,C12 PARENT,PS(44:5),PS(44:5),-1,3.343002,894.6238,0,0,0,0,0,0,0,2304.147,11049.2,4446.533,4942.805,13513.84,20953.01,1815.806,0
,0,171,9,815.7002,8.820937,0.8275113,C12 PARENT,SM (d18:1/24:0),SM (d18:1/24:0),-1,0.149651,815.7003,1315.959,0,0,4186.561,1645.148,12064.88,2522.89,217732.9,422244.6,210958.5,588752,596000.6,652716.6,288615.5,337940.3
,0,170,10,703.5741,6.660355,0.8503023,C12 PARENT,SM(d18:1/16:0),SM(d18:1/16:0),-1,1.041001,703.5741,0,0,0,0,0,81326.99,6759.387,468585.6,1134510,405245.5,1351163,1237059,1036848,564673.6,704654.5
,0,169,8,731.6052,7.223289,0.8510994,C12 PARENT,SM(d18:1/18:0),SM(d18:1/18:0),-1,1.251394,731.6053,0,0,0,0,0,1539.594,0,38746.87,68728.91,26530.73,100879.4,76919.48,91007.77,42990.71,59242.48
,0,168,3,727.572,6.868933,0.8108737,C12 PARENT,SM(d18:1/18:2),SM(d18:1/18:2),-1,3.858871,727.5721,0,0,0,0,0,0,0,2026.541,7393.12,1646.32,8952.799,16221.8,10767.18,8744.247,6981.787
,0,167,9,725.5563,6.677295,0.8524827,C12 PARENT,SM(d18:1/18:3),SM(d18:1/18:3),-1,4.037834,725.5566,0,0,0,0,0,9781.238,0,75439.16,192001.8,60492.95,200528.8,216600.8,190489.8,93003.19,125667
,0,166,8,759.6367,7.777184,0.8525738,C12 PARENT,SM(d18:1/20:0),SM(d18:1/20:0),-1,1.044521,759.6367,0,0,0,0,0,0,0,70996.34,189099.4,76800.62,193104.8,197247.9,206339.8,111730.6,127697.5
,0,165,3,757.6212,7.323615,0.8471968,C12 PARENT,SM(d18:1/20:1),SM(d18:1/20:1),-1,0.8056151,757.6213,0,0,0,0,0,0,0,4560.189,11587.75,1904.024,10690.94,17815.2,20308.5,10024.26,4658.786
,0,164,9,787.6679,8.278614,0.8225339,C12 PARENT,SM(d18:1/22:0),SM(d18:1/22:0),-1,1.084837,787.668,0,0,0,0,0,9042.085,0,389734.9,869973.8,418790.2,977547,1229686,1159857,628433.7,675876.2
,0,163,8,785.652,7.830323,0.8517193,C12 PARENT,SM(d18:1/22:1),SM(d18:1/22:1),-1,1.320682,785.652,0,0,0,0,0,0,0,48729.67,112430.5,47800.43,136173.6,126468,151240.2,66657.18,66066.7
,0,162,7,781.6191,7.763247,0.8426309,C12 PARENT,SM(d18:1/22:3),SM(d18:1/22:3),-1,3.513952,781.6193,0,0,0,0,0,0,0,6151.563,16737.56,11849.88,32347.39,19069.95,43612.48,8109.703,18206.4
,0,161,9,813.6835,8.255776,0.8529002,C12 PARENT,SM(d18:1/24:1),SM(d18:1/24:1),-1,1.050152,813.6835,0,0,0,0,0,15260.69,0,217721.4,478644.2,235372.4,609603.1,724299.8,713373.8,356519.9,382368.5
,0,160,8,811.6672,7.861443,0.8515928,C12 PARENT,SM(d18:1/24:2),SM(d18:1/24:2),-1,1.879928,811.6678,0,0,0,0,0,1715.13,0,43384.6,93293.5,44264.5,121793.2,117600.3,111107.1,66963.25,59477.25
,0,159,8,809.6501,8.284558,0.8523786,C12 PARENT,SM(d18:1/24:3),SM(d18:1/24:3),-1,3.618448,809.6501,0,0,0,0,0,0,0,84185.21,180127.4,77539.44,185016.7,283733.6,241486,130736.3,157016.3
,0,158,3,807.6347,7.79387,0.8487567,C12 PARENT,SM(d18:1/24:4),SM(d18:1/24:4),-1,3.400761,807.6347,0,0,0,0,0,0,0,2110.973,13638.87,2159.448,26816.75,10841.81,30779.2,11185.96,7492.725
,0,157,8,837.6814,8.78538,0.8513162,C12 PARENT,SM(d18:1/26:3),SM(d18:1/26:3),-1,3.570226,837.6814,0,0,0,0,0,1986.262,0,48678.7,99784.13,37993.7,111804.3,131761,161081.3,70831.38,73591.65
,0,156,8,835.6659,8.255313,0.8517873,C12 PARENT,SM(d18:1/26:4),SM(d18:1/26:4),-1,3.432762,835.6658,0,0,0,0,0,0,0,49444.11,104860,53280.13,126122.4,147940.3,114229.8,79640.52,89260.56
,0,155,1,833.6501,7.832819,0.8228339,C12 PARENT,SM(d18:1/26:5),SM(d18:1/26:5),-1,3.587491,833.6501,0,0,0,0,0,0,0,3005.904,11863.34,1783.615,23326.88,15345.34,25988.38,4993.814,8039.564
,0,154,8,650.6439,9.445936,0.8515787,C12 PARENT,Sphingosine(24:0)/sphinganine(24:1),Sphingosine(24:0)/sphinganine(24:1),-1,1.031879,650.644,0,0,0,0,0,5005.576,4051.434,55461.53,119220.5,66604.84,177324,135580.8,165237.5,87215.28,102294.9
,0,153,14,302.305,1.442785,0.8522574,C12 PARENT,Sphingosine-dihydro(d18:0)(Safingol),Sphingosine-dihydro(d18:0)(Safingol),-1,1.312344,302.3049,46942.78,51336.43,0,41207.24,45167.09,198308.8,379661.7,458609.2,253286.1,1042263,937052.4,2110956,1864591,1881768,2590679
,0,152,9,328.3204,5.197442,0.7817358,C12 PARENT,Sphingosine-dimethyl(d18:1),Sphingosine-dimethyl(d18:1),-1,1.951959,328.3204,7641.469,8388.71,0,5821.966,1599.38,16901.73,33393.54,53473.59,23832.06,25162,14994.94,116829.1,109185.4,87121.04,73361.99
,0,69,13,855.7407,11.81831,0.8516825,C12 PARENT,TG_Na(50:1),TG_Na(50:1),-1,0.5705945,855.7407,14938.2,9976.816,0,9375.238,14831.24,34735.96,32836.04,233657.4,176318.4,306577.4,210591.6,267877.8,311337.2,326883.2,357955
,0,68,9,853.7255,11.46438,0.8523675,C12 PARENT,TG_Na(50:2),TG_Na(50:2),-1,0.1429854,853.7252,2594.138,2159.548,0,7910.402,2902.275,18482.59,4902.224,101242.7,120533.3,173522,120464.1,161930.9,194819.9,151867.3,161790.2
,0,67,7,851.7078,11.06373,0.8495997,C12 PARENT,TG_Na(50:3),TG_Na(50:3),-1,2.436505,851.7078,0,0,0,0,0,2036.317,0,21649.08,17068.8,28312.92,21607.55,17763.5,27564.1,22436.77,17032.31
,0,66,8,883.7712,12.2397,0.8523746,C12 PARENT,TG_Na(52:1),TG_Na(52:1),-1,1.450303,883.7712,4450.907,0,0,2675.556,1770.366,13684.44,8787.32,191445.8,165322,256849.6,205908.4,259783.3,282377.7,290734.2,261563.1
,0,65,12,881.7559,11.85322,0.8516447,C12 PARENT,TG_Na(52:2),TG_Na(52:2),-1,1.038299,881.756,9135.763,11188.85,0,8603.028,17680.13,19868.81,14406.31,497909.1,454304.1,551234.7,487880.6,634452.3,798811.4,624465.9,743524.7
,0,64,10,879.7412,11.49065,0.8513392,C12 PARENT,TG_Na(52:3),TG_Na(52:3),-1,0,879.7411,6635.785,2477.631,0,2293.853,4640.483,10340.85,1932.483,317351,380661.3,500060.3,350535,537476.1,687060.2,547648.6,780248.2
,0,63,8,877.7244,11.11815,0.8520423,C12 PARENT,TG_Na(52:4),TG_Na(52:4),-1,1.321219,877.7244,0,0,0,0,0,0,0,104525.8,106687.1,128734.4,85727.35,139066.3,147340.5,141913.7,159376.3
,0,62,1,875.7084,10.77818,0.6268411,C12 PARENT,TG_Na(52:5),TG_Na(52:5),-1,1.742448,875.7083,0,0,0,0,0,0,0,4471.253,5917.988,7032.921,6160.167,18002.85,14052.14,10055.14,12007.26
,0,61,8,911.803,12.6265,0.8518183,C12 PARENT,TG_Na(54:1),TG_Na(54:1),-1,0.9371448,911.803,0,0,0,0,0,1771.982,0,57764.36,57881.38,109864.3,67809.63,125305.2,125175.2,109720.1,129052.9
,0,60,8,909.7874,12.24964,0.8521399,C12 PARENT,TG_Na(54:2),TG_Na(54:2),-1,0.8050466,909.7875,0,0,0,0,0,4232.41,5322.488,291147.8,249670.4,362857,222288.8,384718.6,463098,385258.4,459708
,0,59,13,907.7713,11.87297,0.8499224,C12 PARENT,TG_Na(54:3),TG_Na(54:3),-1,1.344724,907.7713,12452.98,7781.084,0,18860.62,12515.61,19397.37,19152.45,409324,457523.7,547458.6,468469.7,540146.1,713465.8,513525.7,704648.2
,0,58,14,905.7558,11.51066,0.8504534,C12 PARENT,TG_Na(54:4),TG_Na(54:4),-1,1.145559,905.7559,12320.25,21254.71,0,17647.54,15416.82,18782.48,22380.29,386546.8,277545.5,406908.7,349837.9,584902.1,556185.8,485017,640873.5
,0,57,8,903.7421,11.1516,0.8503343,C12 PARENT,TG_Na(54:5),TG_Na(54:5),-1,1.013041,903.7417,11450.94,13103.09,0,10164.1,7779.645,5116.561,10957.32,145219.9,144794.1,230024.6,153702.3,199982.5,227816.4,192530.5,283334.2
,0,56,8,901.7253,10.78136,0.8504493,C12 PARENT,TG_Na(54:6),TG_Na(54:6),-1,0.3384353,901.7253,2672.7,1964.844,0,2267.912,1595.591,3282.752,1324.158,34243.04,33631.08,36161.73,26249.01,44915.5,44881.71,35597.04,55842.39
,0,55,6,939.8342,12.99865,0.8503752,C12 PARENT,TG_Na(56:1),TG_Na(56:1),-1,0.9741362,939.8342,0,0,0,0,0,0,0,28374,22848.09,44938.29,34489.21,30021.12,55207.08,46412.88,43069.61
,0,54,8,937.8187,12.63781,0.8506598,C12 PARENT,TG_Na(56:2),TG_Na(56:2),-1,0.7809839,937.8188,0,0,0,0,0,0,0,31981.81,42424.64,46526.62,34293.38,62819,66093.9,47116.93,62191.22
,0,53,8,935.8032,12.27697,0.8499951,C12 PARENT,TG_Na(56:3),TG_Na(56:3),-1,0.6522217,935.8032,0,0,0,0,0,0,0,25625.38,17600.82,34796.08,29614.74,33212.96,38379.85,40681.56,48648.47
,0,52,2,933.7869,11.91122,0.7197585,C12 PARENT,TG_Na(56:4),TG_Na(56:4),-1,1.307259,933.7868,0,0,0,0,0,0,0,6505.875,16375.96,18985.78,5305.425,8834.271,16373.44,12116.18,23773.16
,0,51,0,927.7408,11.01959,0.1793881,C12 PARENT,TG_Na(56:7),TG_Na(56:7),-1,0.4605229,927.7406,0,0,0,0,0,0,0,2124.337,3831.808,8196.925,6358.756,5321.869,11507.93,5218.614,1901.955
,0,50,3,967.8654,13.36581,0.8445661,C12 PARENT,TG_Na(58:1),TG_Na(58:1),-1,1.008985,967.8654,0,0,0,0,0,0,0,16476.51,12434.23,32739.03,11395.02,34560.49,23320.66,25286.34,30231.49
,0,49,8,965.8501,13.01989,0.8508217,C12 PARENT,TG_Na(58:2),TG_Na(58:2),-1,0.6951247,965.8501,0,0,0,0,0,0,0,33682.48,32621.42,46984.64,38107.14,47424.99,50714.6,48426.78,62142.17
,0,48,4,963.8339,12.6901,0.8497726,C12 PARENT,TG_Na(58:3),TG_Na(58:3),-1,1.266506,963.8339,0,0,0,0,0,0,0,19108.38,19799.92,29285.42,20342.31,29888.17,33495.65,26591.67,36411.71
,0,47,0,993.881,13.39687,0.34978,C12 PARENT,TG_Na(60:2),TG_Na(60:2),-1,1.105396,993.881,0,0,0,0,0,0,0,3647.148,8092.706,14504.77,9262.271,13813.48,13517.26,11522.46,21105.74
,0,46,14,850.7848,11.81852,0.8520327,C12 PARENT,TG_NH4(50:1),TG_NH4(50:1),-1,1.219576,850.7847,12194.44,25546.7,0,23496.72,23991.81,43183.09,53781.62,351912.9,257672.9,452578.5,437269.3,400735.6,511675.7,510623.3,566237.4
,0,45,11,848.7692,11.46331,0.8522965,C12 PARENT,TG_NH4(50:2),TG_NH4(50:2),-1,1.078652,848.7692,2950.298,7749.75,0,9993.477,11849.96,22822.77,24315.67,156726.2,167793.8,242099.4,217137.3,221480.7,294503.8,239740.5,222729.8
,0,44,8,846.7527,11.07257,0.8500369,C12 PARENT,TG_NH4(50:3),TG_NH4(50:3),-1,2.162439,846.7527,0,0,0,2154.951,0,2917.662,1804.019,27336.9,26919.04,30715.13,26486.3,29457.33,44542.88,28242.08,25792.16
,0,43,10,878.816,12.22824,0.8520825,C12 PARENT,TG_NH4(52:1),TG_NH4(52:1),-1,1.250127,878.8161,2685.021,1584.441,0,4977.66,4923.109,16989.49,36210.3,285694.7,250744.5,441512.2,373065.6,387396.8,459578.1,540129.7,395316.5
,0,42,13,876.8004,11.84706,0.8514531,C12 PARENT,TG_NH4(52:2),TG_NH4(52:2),-1,1.18339,876.8004,18076.68,18383.46,0,23544.06,18658.07,32626.56,26895.46,769824.9,699050.1,945814.6,955729.5,972990.5,1272919,963843.1,1258585
,0,41,10,874.7853,11.48338,0.8502379,C12 PARENT,TG_NH4(52:3),TG_NH4(52:3),-1,0.6279439,874.7852,8531.223,5273.415,0,13694.97,9546.354,13737.91,4459.966,461210.3,590459.6,763332.8,715003,806975.1,1041306,765059.2,1248626
,0,40,8,872.7693,11.11836,0.8521679,C12 PARENT,TG_NH4(52:4),TG_NH4(52:4),-1,0.9091249,872.7693,1503.134,0,0,0,2200.35,0,1801.11,154936.6,120927.6,209475.1,177987.9,208369.3,181454.8,199550.6,255445.9
,0,39,4,870.7531,10.7864,0.8434995,C12 PARENT,TG_NH4(52:5),TG_NH4(52:5),-1,1.612175,870.7531,0,0,0,0,0,0,0,9404.183,4255.444,7816.077,9011.875,19000.9,20863.39,8112.691,6154.584
,0,38,8,906.8488,12.61919,0.8527065,C12 PARENT,TG_NH4(54:1),TG_NH4(54:1),-1,0.4038282,906.8488,0,0,0,0,0,0,0,73798.35,92523.21,109653.7,143413.1,158205.7,162392,156892.3,180412.1
,0,37,8,904.8319,12.24724,0.8519064,C12 PARENT,TG_NH4(54:2),TG_NH4(54:2),-1,0.9443648,904.8319,0,2074.991,0,4720.439,4882.209,5590.244,14405.04,362153,363780,594849.6,393002.8,543958.3,639904.7,641833.5,688295.5
,0,36,14,902.8163,11.86705,0.8510887,C12 PARENT,TG_NH4(54:3),TG_NH4(54:3),-1,0.9464732,902.8163,22336.55,18358.8,0,26735.9,28527.76,28905.35,24976.49,670564.7,650196.8,917216.2,924400.5,886703.8,1132978,827391.2,1129721
,0,35,10,900.8009,11.50968,0.8524769,C12 PARENT,TG_NH4(54:4),TG_NH4(54:4),-1,0.6098085,900.8008,7617.791,13412.43,0,22934.65,23099.77,25818.29,23395.48,561281.7,433325,631225.3,673247.8,885476,872478.2,745178.8,961972.8
,0,34,12,898.7856,11.15041,0.8509881,C12 PARENT,TG_NH4(54:5),TG_NH4(54:5),-1,0.2037254,898.7856,13614.59,10640.47,0,19526.01,16039.39,12032.29,22478.85,222377.7,205114.9,366518.6,305052.5,320041.1,341231,307774.3,401409.6
,0,33,5,896.7676,10.79499,0.8509445,C12 PARENT,TG_NH4(54:6),TG_NH4(54:6),-1,2.790505,896.7675,0,0,0,0,1724.445,0,0,8620.834,28908.68,32150.62,49564.6,65400.23,63392.03,48866.06,61703.29
,0,31,9,934.8782,11.82396,0.8510758,C12 PARENT,TG_NH4(56:1),TG_NH4(56:1),-1,1.566879,934.8782,0,0,0,2272.65,2692.057,9102.633,11470.14,83659.23,80848.45,125554.3,121368.6,118473.4,143237,150879.4,153312.6
,0,32,8,934.8791,12.99475,0.8511667,C12 PARENT,TG_NH4(56:1),TG_NH4(56:1),-1,0.6528664,934.8791,0,0,0,0,0,2129.191,2100.005,35192.99,42910.52,61230.92,68107.84,50419.47,76902.88,85502.05,103693.1
,0,28,7,932.8627,11.45778,0.8513885,C12 PARENT,TG_NH4(56:2),TG_NH4(56:2),-1,1.504837,932.8627,0,0,0,0,0,2746.772,5256.21,45444.56,46445.83,51671.39,53556.73,58964.95,86270.68,67221.76,67256.12
,0,29,8,932.8627,11.8501,0.8509597,C12 PARENT,TG_NH4(56:2),TG_NH4(56:2),-1,1.504837,932.8627,0,0,0,0,0,0,0,37800.9,36293.02,49087.28,37975.14,43806.27,53730.56,40108.47,57093.19
,0,30,8,932.8631,12.63987,0.8512434,C12 PARENT,TG_NH4(56:2),TG_NH4(56:2),-1,1.046843,932.863,0,0,0,0,0,0,0,45008.32,46745.11,77735.33,77406.52,95758.85,80025.95,89696.04,99027.38
,0,26,4,930.8471,11.47913,0.8507424,C12 PARENT,TG_NH4(56:3),TG_NH4(56:3),-1,1.376957,930.8472,0,0,0,0,0,0,0,28710.22,24058.72,29269.95,30796.88,34124.44,52294.61,46008.62,55495.03
,0,27,8,930.8475,12.2728,0.8501235,C12 PARENT,TG_NH4(56:3),TG_NH4(56:3),-1,0.9179714,930.8475,0,0,0,0,0,0,0,39580.28,31093.73,48634.22,44186.45,58135,67114.74,57992.3,75795.89
,0,25,8,928.8315,11.90085,0.8502675,C12 PARENT,TG_NH4(56:4),TG_NH4(56:4),-1,1.379945,928.8315,0,0,0,0,0,0,0,20273.45,16515.78,29798.5,30267.4,28957.71,28005.2,25359.18,43012.48
,0,24,0,926.8158,11.77392,0.2471432,C12 PARENT,TG_NH4(56:5),TG_NH4(56:5),-1,1.448801,926.8159,0,0,0,0,0,0,0,2861.346,2984.072,3976.94,12248.68,10228.98,11206.7,8138.038,6159.598
,0,23,2,924.8004,11.41596,0.8490445,C12 PARENT,TG_NH4(56:6),TG_NH4(56:6),-1,1.187966,924.8005,0,0,0,0,0,0,0,2092.193,6973.63,14474.92,8051.544,18392.63,17517.87,12768.01,7974.07
,0,22,0,922.7867,11.02587,0.1968242,C12 PARENT,TG_NH4(56:7),TG_NH4(56:7),-1,0.9259919,922.7867,0,0,0,0,0,0,0,3967.396,3839.262,4768.718,10021.47,10430.25,10458.62,2794.31,12222.92
,0,21,8,962.9096,12.22908,0.8520566,C12 PARENT,TG_NH4(58:1),TG_NH4(58:1),-1,1.45788,962.9096,0,0,0,0,0,0,3274.288,94780.38,76298.41,139142.6,97547.16,110698.1,123445.6,184743.7,133808.6
,0,20,8,960.8945,11.8474,0.8532926,C12 PARENT,TG_NH4(58:2),TG_NH4(58:2),-1,0.8892666,960.8943,0,0,0,1673.073,0,0,2838.338,224889,192574,259260.6,231951.2,262665.3,331908.1,284634.8,344370.3
,0,19,8,958.8784,11.4862,0.851611,C12 PARENT,TG_NH4(58:3),TG_NH4(58:3),-1,1.400357,958.8784,0,0,0,0,2285.536,0,0,133883.2,128643.5,200666.2,151653.6,204933,252972.4,214673.1,296722.5
,0,17,8,956.8628,11.12434,0.8506362,C12 PARENT,TG_NH4(58:4),TG_NH4(58:4),-1,1.33952,956.8628,0,0,0,0,0,0,0,33402.75,32450.82,59803.25,44403.28,43580.88,48678.12,54635.61,64570.68
,0,18,6,956.8634,11.51025,0.8505093,C12 PARENT,TG_NH4(58:4),TG_NH4(58:4),-1,0.7016532,956.8634,0,0,0,0,0,0,0,19515.19,16238.09,28002.35,25199.17,38263.55,42798.14,29326.26,38105.79
,0,16,1,954.8474,11.1478,0.8168728,C12 PARENT,TG_NH4(58:5),TG_NH4(58:5),-1,1.086662,954.8474,0,0,0,0,0,0,0,5503.034,0,10530.55,11445.4,8909.558,6432.021,12418.99,20459.57
,0,15,10,992.9567,12.98543,0.8510302,C12 PARENT,TG_NH4(60:0),TG_NH4(60:0),-1,1.22936,992.9567,0,4294.102,0,8314.765,10435.41,21087.88,51190.66,47515.33,28372.85,46327.94,33565.41,36896.84,42414.3,78213.33,62127.82
,0,14,5,990.9413,12.62119,0.8509859,C12 PARENT,TG_NH4(60:1),TG_NH4(60:1),-1,1.047082,990.9413,0,0,0,0,0,0,0,21190.69,19306.21,51268.58,33234.98,44595.39,51118.05,44919.34,54522.97
,0,13,8,988.9258,12.25154,0.851839,C12 PARENT,TG_NH4(60:2),TG_NH4(60:2),-1,0.8640602,988.9258,0,0,0,0,0,0,0,103778,98317.04,176183.8,106300.6,138386.8,173664.1,175514.3,209987.8
,0,12,8,986.9097,11.86903,0.8532212,C12 PARENT,TG_NH4(60:3),TG_NH4(60:3),-1,1.298737,986.9096,1828.817,2162.451,0,0,4923.666,1452.628,2137.059,196737.8,170463.1,231967.2,215435,227919.9,275931.9,245747.2,306796.2
,0,11,8,984.8947,11.50753,0.8525923,C12 PARENT,TG_NH4(60:4),TG_NH4(60:4),-1,0.6816833,984.8947,0,2586.412,0,0,0,5189.988,0,153109.4,122212.3,145016.8,150664.3,203910.7,216664.2,187310.2,256654
,0,10,8,982.8789,11.15005,0.8508143,C12 PARENT,TG_NH4(60:5),TG_NH4(60:5),-1,0.8072779,982.879,0,0,0,2047.024,0,1647.111,1734.656,46306.77,48427.45,74704.16,56010.69,66686.01,68416.69,79267.59,96773.52
,0,9,0,980.8624,10.78847,0.3375696,C12 PARENT,TG_NH4(60:6),TG_NH4(60:6),-1,1.742325,980.8624,0,0,0,0,0,0,0,2521.755,5241.998,10560.83,5482.879,13083.15,12624.7,8081.59,14264.66
,0,8,3,1016.956,12.65974,0.8487192,C12 PARENT,TG_NH4(62:2),TG_NH4(62:2),-1,1.620469,1016.956,0,0,39496.53,0,0,0,0,2109.713,8781.273,19842.05,10775.41,21499.08,25714.37,16546.85,21459.59
,0,7,1,1047.004,13.38604,0.8468636,C12 PARENT,TG_NH4(64:1),TG_NH4(64:1),-1,0.9327201,1047.004,0,0,20219.95,0,0,0,0,2654.248,4191.232,8251.497,5469.846,11167,7835.776,10655.3,11166.65
,0,6,2,1044.988,13.0427,0.848697,C12 PARENT,TG_NH4(64:2),TG_NH4(64:2),-1,1.168149,1044.988,0,0,18961.46,0,0,0,0,6789.721,5060.199,21171.74,21316.65,12313.53,20767.28,17986.45,24722.1
